,City,Latitude,Longitude,Max_Temp,Humidity,Cloudiness,Description,Wind_Speed,Country,Date
0,mandalgovi,45.76,106.27,4.680000000000007,58,0,clear sky,8.7,MN,2020-05-10 02:25:48
1,hilo,19.73,-155.09,27.0,57,90,overcast clouds,2.6,US,2020-05-10 02:22:00
2,busselton,-33.65,115.33,16.670000000000016,45,40,scattered clouds,0.93,AU,2020-05-10 02:25:49
3,bredasdorp,-34.53,20.04,14.0,93,0,clear sky,1.0,ZA,2020-05-10 02:25:49
4,rocha,-34.48,-54.33,10.720000000000027,85,0,clear sky,3.35,UY,2020-05-10 02:22:39
5,banjar,-8.19,114.97,29.0,89,40,scattered clouds,4.6,ID,2020-05-10 02:25:50
6,wajid,3.81,43.25,23.32000000000005,90,100,moderate rain,6.88,SO,2020-05-10 02:19:47
7,punta arenas,-53.15,-70.92,6.0,93,90,overcast clouds,2.1,CL,2020-05-10 02:22:40
8,saraza,8.74,117.78,31.210000000000036,63,98,overcast clouds,2.42,PH,2020-05-10 02:22:41
9,darhan,49.49,105.92,10.189999999999998,46,39,scattered clouds,3.96,MN,2020-05-10 02:22:41
10,carnarvon,-24.87,113.63,24.650000000000034,38,100,overcast clouds,4.7,AU,2020-05-10 02:22:41
11,lagoa,39.05,-27.98,15.680000000000007,74,91,overcast clouds,14.45,PT,2020-05-10 02:22:42
12,yulara,-25.24,130.99,17.0,36,100,overcast clouds,7.7,AU,2020-05-10 02:22:42
13,ushuaia,-54.8,-68.3,6.0,81,9,clear sky,0.4,AR,2020-05-10 02:22:43
14,esperance,-33.87,121.9,16.0,51,0,clear sky,8.7,AU,2020-05-10 02:22:43
15,vila franca do campo,37.72,-25.43,17.0,93,75,broken clouds,9.3,PT,2020-05-10 02:22:43
16,roald,62.58,6.13,3.330000000000041,64,100,snow,9.3,NO,2020-05-10 02:22:45
17,rikitea,-23.12,-134.97,24.25,68,57,broken clouds,1.52,PF,2020-05-10 02:22:45
18,port augusta,-32.5,137.77,16.0,59,0,clear sky,3.1,AU,2020-05-10 02:22:45
19,hermanus,-34.42,19.23,15.0,75,0,clear sky,2.78,ZA,2020-05-10 02:22:46
20,harper,4.38,-7.72,26.689999999999998,87,100,overcast clouds,4.61,LR,2020-05-10 02:22:46
21,midland,32.0,-102.08,24.0,27,1,clear sky,5.7,US,2020-05-10 02:22:00
22,avon lake,41.51,-82.03,9.439999999999998,39,75,broken clouds,3.1,US,2020-05-10 02:22:47
23,bantul,-7.89,110.33,28.0,78,20,few clouds,4.1,ID,2020-05-10 02:22:47
24,christchurch,-43.53,172.63,15.0,77,5,clear sky,2.6,NZ,2020-05-10 02:20:43
25,east london,-33.02,27.91,18.230000000000018,55,1,clear sky,2.62,ZA,2020-05-10 02:22:48
26,mampong,7.06,-1.4,22.680000000000007,99,97,light rain,2.78,GH,2020-05-10 02:19:55
27,mount isa,-20.73,139.5,25.0,23,0,clear sky,5.1,AU,2020-05-10 02:19:40
28,touros,-5.2,-35.46,23.0,94,20,few clouds,1.5,BR,2020-05-10 02:22:50
29,muisne,0.6,-80.03,26.0,85,48,scattered clouds,3.25,EC,2020-05-10 02:22:50
30,kodiak,57.79,-152.41,8.0,75,90,overcast clouds,5.1,US,2020-05-10 02:22:51
31,albany,-35.02,117.89,15.0,54,9,clear sky,4.6,AU,2020-05-10 02:22:51
32,kahului,20.89,-156.47,26.0,65,90,overcast clouds,8.2,US,2020-05-10 02:19:41
33,new norfolk,-42.78,147.06,12.220000000000027,62,50,scattered clouds,0.89,AU,2020-05-10 02:22:52
34,marsh harbour,26.54,-77.06,25.360000000000014,72,100,overcast clouds,4.18,BS,2020-05-10 02:22:52
35,cabo san lucas,22.89,-109.91,22.78000000000003,64,20,few clouds,4.1,MX,2020-05-10 02:22:52
36,aldan,58.6,125.39,3.5,71,35,scattered clouds,1.48,RU,2020-05-10 02:22:53
37,pisco,-13.7,-76.22,19.0,88,42,scattered clouds,5.7,PE,2020-05-10 02:22:15
38,dhidhdhoo,6.88,73.1,27.600000000000023,83,100,moderate rain,3.21,MV,2020-05-10 02:22:54
39,mookane,-23.69,26.66,15.180000000000007,70,0,clear sky,3.47,BW,2020-05-10 02:20:00
40,cape town,-33.93,18.42,14.0,100,75,fog,2.1,ZA,2020-05-10 02:20:16
41,tura,64.28,100.25,3.1200000000000045,76,38,scattered clouds,7.6,RU,2020-05-10 02:22:55
42,bandarbeyla,9.49,50.81,27.160000000000025,77,59,broken clouds,2.87,SO,2020-05-10 02:22:56
43,gulmarg,34.05,74.39,8.78000000000003,83,100,overcast clouds,1.97,IN,2020-05-10 02:22:56
44,ponta do sol,17.2,-25.09,23.0,69,75,broken clouds,12.9,CV,2020-05-10 02:22:57
45,hobart,-42.88,147.33,12.220000000000027,46,20,few clouds,6.2,AU,2020-05-10 02:19:34
46,broome,-17.97,122.23,32.0,18,0,clear sky,6.2,AU,2020-05-10 02:22:58
47,voyvozh,62.89,54.96,7.400000000000034,95,33,scattered clouds,0.72,RU,2020-05-10 02:22:58
48,saint-joseph,-21.37,55.62,20.0,77,75,broken clouds,3.6,RE,2020-05-10 02:22:59
49,petropavlovsk-kamchatskiy,53.05,158.65,9.0,34,6,clear sky,10.0,RU,2020-05-10 02:22:59
50,saldanha,-33.01,17.94,13.0,66,0,clear sky,2.1,ZA,2020-05-10 02:26:48
51,kapaa,22.08,-159.32,26.0,65,20,few clouds,8.2,US,2020-05-10 02:26:49
52,tiksi,71.69,128.87,-3.7999999999999545,93,0,clear sky,1.75,RU,2020-05-10 02:24:05
53,richards bay,-28.78,32.04,18.170000000000016,90,1,clear sky,2.4,ZA,2020-05-10 02:26:49
54,cristalina,-16.77,-47.61,14.0,98,11,few clouds,3.1,BR,2020-05-10 02:26:50
55,okhotsk,59.38,143.3,7.420000000000016,57,0,clear sky,4.6,RU,2020-05-10 02:26:51
56,athabasca,54.72,-113.29,7.07000000000005,62,98,overcast clouds,4.05,CA,2020-05-10 02:26:51
57,avarua,-21.21,-159.78,27.0,78,9,clear sky,7.2,CK,2020-05-10 02:26:51
58,maniitsoq,65.42,-52.9,3.7200000000000273,74,80,broken clouds,3.13,GL,2020-05-10 02:26:03
59,provideniya,64.38,-173.3,3.160000000000025,83,100,light rain,15.18,RU,2020-05-10 02:26:52
60,port elizabeth,-33.92,25.57,12.0,100,0,clear sky,1.5,ZA,2020-05-10 02:26:52
61,cidreira,-30.18,-50.21,17.230000000000018,83,0,clear sky,3.53,BR,2020-05-10 02:26:53
62,victoria,-4.62,55.45,29.0,79,75,broken clouds,3.6,SC,2020-05-10 02:26:53
63,yellowknife,62.46,-114.35,2.0,47,5,clear sky,5.1,CA,2020-05-10 02:22:02
64,the valley,18.22,-63.06,27.220000000000027,74,40,scattered clouds,5.7,AI,2020-05-10 02:26:54
65,mahebourg,-20.41,57.7,24.0,73,40,scattered clouds,3.6,MU,2020-05-10 02:26:54
66,meulaboh,4.14,96.13,27.210000000000036,84,100,overcast clouds,2.02,ID,2020-05-10 02:26:54
67,qaanaaq,77.48,-69.36,-12.489999999999952,83,99,overcast clouds,1.91,GL,2020-05-10 02:26:55
68,acapulco,16.86,-99.89,28.0,78,5,clear sky,2.6,MX,2020-05-10 02:26:55
69,torbay,47.67,-52.73,7.220000000000027,93,90,moderate rain,13.4,CA,2020-05-10 02:26:55
70,san cristobal,-0.9,-89.62,25.30000000000001,87,0,clear sky,3.18,EC,2020-05-10 02:26:56
71,geraldton,-28.77,114.6,24.0,27,95,overcast clouds,7.7,AU,2020-05-10 02:26:56
72,baykit,61.67,96.37,9.939999999999998,46,3,clear sky,5.14,RU,2020-05-10 02:26:57
73,saint-philippe,-21.36,55.77,20.0,77,75,broken clouds,3.6,RE,2020-05-10 02:26:05
74,salalah,17.02,54.09,28.0,83,75,broken clouds,1.0,OM,2020-05-10 02:26:57
75,norman wells,65.28,-126.83,9.0,45,5,clear sky,7.7,CA,2020-05-10 02:26:58
76,atuona,-9.8,-139.03,27.200000000000045,78,91,overcast clouds,7.99,PF,2020-05-10 02:26:58
77,georgetown,6.8,-58.16,25.0,88,20,few clouds,2.1,GY,2020-05-10 02:26:59
78,shaunavon,49.65,-108.42,6.060000000000002,63,56,broken clouds,5.13,CA,2020-05-10 02:22:17
79,estevan,49.13,-102.98,5.0,48,75,broken clouds,3.6,CA,2020-05-10 02:26:59
80,lorengau,-2.02,147.27,30.57000000000005,69,5,clear sky,4.33,PG,2020-05-10 02:27:00
81,bluff,-46.6,168.33,14.730000000000018,73,55,broken clouds,2.66,NZ,2020-05-10 02:27:00
82,tuktoyaktuk,69.45,-133.04,3.0,74,40,scattered clouds,5.7,CA,2020-05-10 02:27:01
83,vaini,-21.2,-175.2,24.0,100,75,light intensity shower rain,6.2,TO,2020-05-10 02:27:01
84,severo-kurilsk,50.68,156.12,1.4300000000000068,87,94,overcast clouds,7.59,RU,2020-05-10 02:27:01
85,tasiilaq,65.61,-37.64,-1.0,68,17,few clouds,6.7,GL,2020-05-10 02:27:02
86,nome,64.5,-165.41,11.0,53,1,clear sky,4.6,US,2020-05-10 02:27:02
87,hithadhoo,-0.6,73.08,29.350000000000023,75,100,light rain,4.99,MV,2020-05-10 02:27:02
88,gumdag,39.21,54.59,23.210000000000036,39,23,few clouds,8.46,TM,2020-05-10 02:27:03
89,paamiut,61.99,-49.67,6.0400000000000205,60,76,broken clouds,6.93,GL,2020-05-10 02:27:03
90,mitsamiouli,-11.38,43.28,26.77000000000004,79,87,moderate rain,4.24,KM,2020-05-10 02:27:03
91,khatanga,71.97,102.5,-1.9599999999999795,98,86,overcast clouds,4.85,RU,2020-05-10 02:27:04
92,sao filipe,14.9,-24.5,23.200000000000045,73,100,overcast clouds,4.2,CV,2020-05-10 02:27:05
93,caravelas,-17.71,-39.25,21.54000000000002,77,31,light rain,4.56,BR,2020-05-10 02:27:05
94,quballat,36.54,9.66,19.0,82,20,few clouds,3.6,TN,2020-05-10 02:27:06
95,narsaq,60.92,-46.05,9.0,23,0,clear sky,11.3,GL,2020-05-10 02:27:06
96,flinders,-34.58,150.86,17.220000000000027,38,0,clear sky,3.58,AU,2020-05-10 02:27:07
97,kavaratti,10.57,72.64,29.80000000000001,72,8,clear sky,3.86,IN,2020-05-10 02:27:07
98,dikson,73.51,80.55,-1.9899999999999523,97,89,overcast clouds,10.13,RU,2020-05-10 02:27:08
99,ribeira grande,38.52,-28.7,16.129999999999995,76,42,scattered clouds,13.24,PT,2020-05-10 02:26:11
100,charyshskoye,51.4,83.56,19.25,40,0,clear sky,1.87,RU,2020-05-10 02:27:08
101,rio bueno,-40.32,-72.97,11.0,81,7,clear sky,3.6,CL,2020-05-10 02:27:09
102,vikhorevka,56.12,101.16,12.0,58,100,overcast clouds,8.0,RU,2020-05-10 02:27:09
103,cherskiy,68.75,161.3,6.939999999999998,60,100,overcast clouds,6.39,RU,2020-05-10 02:27:10
104,la carolina,38.28,-3.62,12.78000000000003,93,100,light rain,3.13,ES,2020-05-10 02:27:49
105,mar del plata,-38.0,-57.56,12.220000000000027,93,0,clear sky,5.38,AR,2020-05-10 02:27:03
106,puerto ayora,-0.74,-90.35,25.560000000000002,92,9,clear sky,0.89,EC,2020-05-10 02:25:55
107,severobaykalsk,55.65,109.32,1.4600000000000364,90,100,moderate rain,3.54,RU,2020-05-10 02:27:50
108,padang,-0.95,100.35,29.670000000000016,62,93,overcast clouds,0.38,ID,2020-05-10 02:27:51
109,lavrentiya,65.58,-171.0,1.900000000000034,91,100,overcast clouds,4.45,RU,2020-05-10 02:26:19
110,namatanai,-3.67,152.43,30.82000000000005,67,20,light rain,4.07,PG,2020-05-10 02:27:52
111,rafsanjan,30.41,55.99,23.49000000000001,20,88,overcast clouds,3.39,IR,2020-05-10 02:27:52
112,saskylakh,71.92,114.08,-3.6200000000000045,97,100,light snow,3.48,RU,2020-05-10 02:27:52
113,port alfred,-33.59,26.89,15.0,89,0,clear sky,3.14,ZA,2020-05-10 02:24:50
114,markova,52.21,104.21,11.0,50,84,broken clouds,1.0,RU,2020-05-10 02:27:53
115,vlore,40.47,19.49,14.950000000000045,62,100,overcast clouds,1.76,AL,2020-05-10 02:27:54
116,necochea,-38.55,-58.74,10.560000000000002,91,0,clear sky,2.24,AR,2020-05-10 02:27:54
117,hay river,60.82,-115.8,0.0,88,20,few clouds,4.1,CA,2020-05-10 02:27:54
118,saint-pierre,46.77,-56.17,1.650000000000034,97,100,light rain,10.96,PM,2020-05-10 02:27:55
119,hasaki,35.73,140.83,21.110000000000014,88,75,light intensity shower rain,5.7,JP,2020-05-10 02:27:55
120,hof,59.53,10.09,6.670000000000016,99,100,moderate rain,3.58,NO,2020-05-10 02:27:56
121,kuala terengganu,5.33,103.14,30.0,79,20,few clouds,2.6,MY,2020-05-10 02:27:56
122,beringovskiy,63.05,179.32,1.0100000000000477,95,100,overcast clouds,14.09,RU,2020-05-10 02:27:31
123,souillac,-20.52,57.52,24.0,73,40,scattered clouds,3.6,MU,2020-05-10 02:27:57
124,tangzhai,34.43,116.59,21.670000000000016,71,0,clear sky,3.03,CN,2020-05-10 02:27:57
125,namibe,-15.2,12.15,26.560000000000002,50,72,broken clouds,0.8,AO,2020-05-10 02:27:58
126,wuwei,37.93,102.64,15.560000000000002,26,46,scattered clouds,1.34,CN,2020-05-10 02:27:58
127,thompson,55.74,-97.86,0.0,94,75,broken clouds,8.2,CA,2020-05-10 02:25:08
128,kruisfontein,-34.0,24.73,16.379999999999995,41,0,clear sky,3.19,ZA,2020-05-10 02:27:28
129,shikhany,52.12,47.22,8.170000000000016,92,39,scattered clouds,3.89,RU,2020-05-10 02:27:59
130,salumbar,24.13,74.05,31.350000000000023,26,0,clear sky,0.62,IN,2020-05-10 02:28:00
131,barrow,71.29,-156.79,-1.0,92,1,clear sky,2.6,US,2020-05-10 02:28:00
132,kawardha,22.02,81.25,34.26000000000005,13,0,clear sky,1.19,IN,2020-05-10 02:28:00
133,sabang,5.89,95.32,27.28000000000003,81,100,overcast clouds,3.35,ID,2020-05-10 02:28:01
134,jiancheng,30.39,104.55,27.220000000000027,38,0,clear sky,4.0,CN,2020-05-10 02:28:01
135,nyrob,60.73,56.72,13.330000000000041,69,0,clear sky,2.19,RU,2020-05-10 02:28:01
136,guerrero negro,27.98,-114.06,19.670000000000016,75,0,clear sky,7.9,MX,2020-05-10 02:28:02
137,chuy,-33.7,-53.46,13.629999999999995,75,0,clear sky,4.28,UY,2020-05-10 02:27:37
138,fort nelson,58.81,-122.7,12.0,30,40,scattered clouds,5.1,CA,2020-05-10 02:28:03
139,lompoc,34.64,-120.46,15.560000000000002,93,90,overcast clouds,2.1,US,2020-05-10 02:27:27
140,champerico,14.3,-91.92,29.920000000000016,73,89,overcast clouds,3.0,GT,2020-05-10 02:28:04
141,arraial do cabo,-22.97,-42.03,21.840000000000032,66,0,clear sky,6.06,BR,2020-05-10 02:28:04
142,bubaque,11.28,-15.83,25.560000000000002,74,100,overcast clouds,4.77,GW,2020-05-10 02:28:05
143,rio gallegos,-51.62,-69.22,4.0,100,90,fog,0.5,AR,2020-05-10 02:28:05
144,saint george,32.38,-64.68,22.0,78,75,broken clouds,8.2,BM,2020-05-10 02:28:05
145,cayenne,4.93,-52.33,25.0,100,43,light rain,4.64,GF,2020-05-10 02:28:06
146,sciacca,37.51,13.09,18.33000000000004,43,100,overcast clouds,1.79,IT,2020-05-10 02:28:06
147,vao,-22.67,167.48,22.340000000000032,67,85,overcast clouds,4.38,NC,2020-05-10 02:26:42
148,pindiga,9.98,10.93,27.5,61,98,overcast clouds,2.65,NG,2020-05-10 02:28:08
149,nanortalik,60.14,-45.24,4.32000000000005,70,4,clear sky,8.36,GL,2020-05-10 02:28:08
150,hambantota,6.12,81.12,28.220000000000027,79,57,broken clouds,1.78,LK,2020-05-10 02:28:08
151,manzhouli,49.6,117.43,10.980000000000018,38,0,clear sky,9.88,CN,2020-05-10 02:28:09
152,mehamn,71.04,27.85,-1.839999999999975,90,72,broken clouds,3.91,NO,2020-05-10 02:28:09
153,maneadero,31.72,-116.57,18.890000000000043,84,84,broken clouds,0.89,MX,2020-05-10 02:24:04
154,homer,59.64,-151.55,14.0,44,20,few clouds,1.5,US,2020-05-10 02:28:10
155,tagusao,9.19,117.81,30.660000000000025,65,100,overcast clouds,0.89,PH,2020-05-10 02:28:10
156,pathein,16.78,94.73,33.06,48,5,clear sky,4.19,MM,2020-05-10 02:28:11
157,comodoro rivadavia,-45.87,-67.5,13.0,66,90,light rain,1.5,AR,2020-05-10 02:25:16
158,ucluelet,48.93,-125.55,22.220000000000027,40,20,few clouds,2.6,CA,2020-05-10 02:28:11
159,garden city,42.33,-83.33,7.78000000000003,33,20,few clouds,3.6,US,2020-05-10 02:28:51
160,jian,27.12,114.98,23.980000000000018,81,91,overcast clouds,3.25,CN,2020-05-10 02:28:51
161,balabac,7.99,117.06,30.670000000000016,68,98,overcast clouds,2.51,PH,2020-05-10 02:28:52
162,ust-ordynskiy,52.8,104.75,11.0,50,100,overcast clouds,1.0,RU,2020-05-10 02:28:53
163,luderitz,-26.65,15.16,13.0,82,0,clear sky,2.6,NA,2020-05-10 02:28:53
164,leningradskiy,69.38,178.42,-1.6599999999999682,96,100,overcast clouds,5.23,RU,2020-05-10 02:28:54
165,pangody,65.85,74.49,1.6899999999999977,86,90,light rain,4.99,RU,2020-05-10 02:28:54
166,kandrian,-6.22,149.55,29.55000000000001,78,94,moderate rain,3.58,PG,2020-05-10 02:28:54
167,bicholim,15.59,73.95,27.870000000000005,74,65,broken clouds,0.55,IN,2020-05-10 02:28:55
168,ranong,9.97,98.63,32.0,75,20,few clouds,1.45,TH,2020-05-10 02:28:55
169,surt,31.21,16.59,20.650000000000034,38,0,clear sky,6.58,LY,2020-05-10 02:28:56
170,ada,43.42,-116.13,26.0,9,1,clear sky,2.1,US,2020-05-10 02:28:56
171,nikolskoye,59.7,30.79,5.560000000000002,56,100,overcast clouds,2.0,RU,2020-05-10 02:24:35
172,portland,-38.33,141.6,13.260000000000048,74,77,light rain,5.28,AU,2020-05-10 02:28:57
173,jhargram,22.45,86.98,31.350000000000023,55,0,clear sky,2.26,IN,2020-05-10 02:28:58
174,hirtshals,57.59,9.96,5.560000000000002,87,100,overcast clouds,5.32,DK,2020-05-10 02:28:58
175,sangar,63.92,127.47,-0.029999999999972715,91,50,scattered clouds,2.35,RU,2020-05-10 02:28:58
176,longyearbyen,78.22,15.64,-9.0,61,40,scattered clouds,5.1,SJ,2020-05-10 02:27:15
177,tarata,-17.47,-70.03,13.150000000000034,54,70,broken clouds,0.63,PE,2020-05-10 02:28:59
178,ostersund,63.18,14.64,1.0,86,100,overcast clouds,2.1,SE,2020-05-10 02:28:59
179,laguna,-28.48,-48.78,17.28000000000003,83,0,clear sky,4.92,BR,2020-05-10 02:29:00
180,banda aceh,5.56,95.32,27.0,83,100,overcast clouds,2.5,ID,2020-05-10 02:29:00
181,cairns,-16.92,145.77,29.0,54,75,broken clouds,6.7,AU,2020-05-10 02:29:01
182,marquette,46.53,-87.63,1.1100000000000136,84,4,clear sky,1.27,US,2020-05-10 02:29:01
183,cosina,8.11,124.62,30.0,76,100,light rain,2.24,PH,2020-05-10 02:29:02
184,sheboygan,43.73,-87.93,9.439999999999998,45,75,broken clouds,1.5,US,2020-05-10 02:21:51
185,albanel,48.88,-72.45,-1.0,58,90,light shower snow,7.2,CA,2020-05-10 02:29:02
186,qinhuangdao,39.93,119.59,21.870000000000005,23,75,broken clouds,6.88,CN,2020-05-10 02:24:37
187,anadyr,64.75,177.48,1.0,95,75,light rain,26.0,RU,2020-05-10 02:26:03
188,chokurdakh,70.63,147.92,-1.4699999999999704,98,59,broken clouds,3.83,RU,2020-05-10 02:26:46
189,colares,38.8,-9.45,16.110000000000014,82,60,light rain,7.01,PT,2020-05-10 02:29:04
190,santa rita,-17.97,-63.35,19.0,77,0,clear sky,3.1,BO,2020-05-10 02:29:04
191,ballina,54.12,-9.17,10.560000000000002,90,100,overcast clouds,3.58,IE,2020-05-10 02:29:05
192,lafayette,30.23,-92.07,16.110000000000014,72,1,clear sky,2.6,US,2020-05-10 02:27:19
193,ambulu,-8.35,113.61,28.25,74,84,broken clouds,2.16,ID,2020-05-10 02:29:06
194,vidim,56.41,103.11,9.180000000000007,87,100,overcast clouds,5.58,RU,2020-05-10 02:29:07
195,limpio,-25.18,-57.53,16.0,59,0,clear sky,1.5,PY,2020-05-10 02:29:07
196,butaritari,3.07,172.79,28.900000000000034,76,52,broken clouds,3.66,KI,2020-05-10 02:29:08
197,bougouni,11.42,-7.48,29.430000000000007,53,80,broken clouds,3.78,ML,2020-05-10 02:29:08
198,treinta y tres,-33.23,-54.38,11.660000000000025,83,0,clear sky,3.81,UY,2020-05-10 02:29:09
199,husavik,66.04,-17.34,-5.0,73,0,clear sky,6.2,IS,2020-05-10 02:29:09
200,grand gaube,-20.01,57.66,21.110000000000014,82,29,light rain,0.89,MU,2020-05-10 02:29:10
201,poronaysk,49.22,143.12,6.720000000000027,75,100,overcast clouds,3.99,RU,2020-05-10 02:28:45
202,tocopilla,-22.09,-70.2,17.74000000000001,64,31,scattered clouds,2.23,CL,2020-05-10 02:29:10
203,clyde river,70.47,-68.59,-16.0,84,1,clear sky,5.7,CA,2020-05-10 02:29:11
204,elko,41.0,-115.5,24.0,8,1,clear sky,2.1,US,2020-05-10 02:27:04
205,adrar,25.75,-1.0,30.74000000000001,12,0,clear sky,2.19,DZ,2020-05-10 02:29:12
206,san patricio,19.22,-104.7,24.700000000000045,73,0,clear sky,2.47,MX,2020-05-10 02:29:12
207,arica,-18.48,-70.3,17.82000000000005,83,73,broken clouds,1.28,CL,2020-05-10 02:28:43
208,marsa matruh,31.35,27.25,13.0,76,0,clear sky,4.42,EG,2020-05-10 02:29:52
209,kisangani,0.52,25.2,20.52000000000004,98,87,overcast clouds,0.25,CD,2020-05-10 02:29:52
210,nhulunbuy,-12.23,136.77,30.0,55,75,broken clouds,8.2,AU,2020-05-10 02:29:52
211,kaitangata,-46.28,169.85,13.330000000000041,77,100,overcast clouds,1.34,NZ,2020-05-10 02:28:56
212,baruun-urt,46.68,113.28,7.3700000000000045,54,1,clear sky,8.47,MN,2020-05-10 02:29:53
213,road town,18.42,-64.62,27.220000000000027,84,43,scattered clouds,0.89,VG,2020-05-10 02:26:58
214,arzgir,45.37,44.22,9.460000000000036,71,95,overcast clouds,3.56,RU,2020-05-10 02:29:54
215,qingdao,36.1,120.37,20.0,68,20,haze,2.0,CN,2020-05-10 02:29:17
216,yumen,40.28,97.2,9.360000000000014,43,40,scattered clouds,9.27,CN,2020-05-10 02:29:55
217,lima,-12.04,-77.03,21.0,73,16,few clouds,6.7,PE,2020-05-10 02:17:44
218,ponta delgada,37.73,-25.67,17.0,93,75,broken clouds,9.3,PT,2020-05-10 02:27:14
219,tres arroyos,-38.37,-60.28,12.32000000000005,65,0,clear sky,3.81,AR,2020-05-10 02:29:56
220,alexandria,38.8,-77.05,6.670000000000016,51,1,clear sky,2.87,US,2020-05-10 02:25:26
221,windhoek,-22.56,17.08,13.330000000000041,40,0,clear sky,2.1,NA,2020-05-10 02:29:56
222,ifanadiana,-21.3,47.63,16.57000000000005,94,92,overcast clouds,0.87,MG,2020-05-10 02:29:57
223,bilibino,68.05,166.44,3.1899999999999977,76,100,overcast clouds,5.69,RU,2020-05-10 02:28:47
224,palmeirais,-5.98,-43.06,23.33000000000004,86,4,clear sky,1.69,BR,2020-05-10 02:29:57
225,beloha,-25.17,45.05,18.350000000000023,88,11,few clouds,5.51,MG,2020-05-10 02:29:58
226,klaksvik,62.23,-6.59,-1.0,63,100,light snow,5.1,FO,2020-05-10 02:28:33
227,salinopolis,-0.61,-47.36,26.30000000000001,85,95,light rain,3.88,BR,2020-05-10 02:26:19
228,fuerte,17.54,120.36,31.52000000000004,57,45,scattered clouds,2.87,PH,2020-05-10 02:29:59
229,dezful,32.38,48.41,25.28000000000003,41,100,light rain,2.92,IR,2020-05-10 02:30:00
230,mayo,63.59,-135.9,21.0,21,20,few clouds,4.6,CA,2020-05-10 02:30:00
231,sitka,57.05,-135.33,20.0,32,75,broken clouds,3.1,US,2020-05-10 02:30:00
232,amapa,1.0,-52.0,22.610000000000014,98,74,light rain,0.93,BR,2020-05-10 02:30:01
233,lethem,3.38,-59.8,26.430000000000007,69,32,scattered clouds,4.03,GY,2020-05-10 02:30:01
234,scarborough,11.18,-60.73,27.0,74,20,few clouds,3.1,TT,2020-05-10 02:30:02
235,ancud,-41.87,-73.82,10.0,81,75,broken clouds,3.6,CL,2020-05-10 02:30:03
236,waingapu,-9.66,120.26,29.24000000000001,67,0,light rain,6.62,ID,2020-05-10 02:30:03
237,susurluk,39.91,28.16,5.0,93,15,few clouds,1.15,TR,2020-05-10 02:30:04
238,ibra,22.69,58.53,32.33000000000004,16,12,few clouds,2.04,OM,2020-05-10 02:30:04
239,la ronge,55.1,-105.28,3.0,44,20,few clouds,4.6,CA,2020-05-10 02:28:14
240,moose factory,51.26,-80.61,0.0,97,90,light snow,4.6,CA,2020-05-10 02:30:05
241,dunedin,-45.87,170.5,13.330000000000041,76,75,broken clouds,1.34,NZ,2020-05-10 02:27:20
242,scottsbluff,41.87,-103.67,9.0,39,1,clear sky,7.7,US,2020-05-10 02:27:18
243,kulu,39.1,33.08,7.800000000000011,59,0,clear sky,1.72,TR,2020-05-10 02:30:06
244,bolshaya rechka,51.95,104.74,11.0,50,57,broken clouds,1.0,RU,2020-05-10 02:30:07
245,mindelo,16.89,-24.98,23.0,69,75,broken clouds,12.9,CV,2020-05-10 02:30:07
246,iskateley,67.68,53.15,0.8700000000000045,92,48,scattered clouds,3.82,RU,2020-05-10 02:30:07
247,kutum,14.2,24.67,19.840000000000032,18,3,clear sky,4.32,SD,2020-05-10 02:30:09
248,jalu,29.03,21.55,18.450000000000045,26,0,clear sky,3.14,LY,2020-05-10 02:30:09
249,namie,37.48,141.0,18.890000000000043,97,100,moderate rain,2.99,JP,2020-05-10 02:30:09
250,bambous virieux,-20.34,57.76,24.0,73,40,scattered clouds,3.6,MU,2020-05-10 02:30:10
251,at-bashi,41.17,75.81,12.410000000000025,45,69,broken clouds,0.96,KG,2020-05-10 02:30:10
252,qostanay,53.17,63.58,17.0,45,100,overcast clouds,2.0,KZ,2020-05-10 02:30:10
253,mingshui,36.72,117.5,24.439999999999998,50,0,clear sky,0.45,CN,2020-05-10 02:30:11
254,dingle,52.14,-10.27,11.640000000000043,90,11,few clouds,3.51,IE,2020-05-10 02:30:11
255,panjab,34.39,67.02,10.100000000000023,56,0,clear sky,1.54,AF,2020-05-10 02:30:12
256,ouesso,1.61,16.05,20.180000000000007,91,100,overcast clouds,1.2,CG,2020-05-10 02:30:12
257,ugoofaaru,5.67,73.0,28.410000000000025,73,100,overcast clouds,2.96,MV,2020-05-10 02:30:12
258,faanui,-16.48,-151.75,27.470000000000027,82,26,scattered clouds,7.96,PF,2020-05-10 02:30:13
259,jamestown,-15.94,-5.72,21.230000000000018,86,0,clear sky,7.51,SH,2020-05-10 02:30:13
260,omboue,-1.57,9.26,25.170000000000016,88,99,overcast clouds,1.15,GA,2020-05-10 02:30:13
261,sokoni,-6.43,39.55,27.0,78,75,broken clouds,5.7,TZ,2020-05-10 02:30:14
262,orapa,-21.28,25.37,13.03000000000003,79,0,clear sky,4.5,BW,2020-05-10 02:30:53
263,naze,28.37,129.48,23.0,100,75,light intensity shower rain,5.1,JP,2020-05-10 02:30:53
264,kalangala,-0.31,32.23,22.680000000000007,78,100,moderate rain,7.15,UG,2020-05-10 02:30:54
265,olafsvik,64.89,-23.71,3.2700000000000387,73,0,clear sky,4.73,IS,2020-05-10 02:30:55
266,katsuura,35.13,140.3,20.560000000000002,94,94,overcast clouds,2.24,JP,2020-05-10 02:30:55
267,ornskoldsvik,63.29,18.72,0.0,94,100,light rain,1.0,SE,2020-05-10 02:30:55
268,bowral,-34.47,150.42,17.220000000000027,38,0,clear sky,3.58,AU,2020-05-10 02:30:56
269,bengkulu,-3.8,102.27,27.610000000000014,76,49,scattered clouds,1.26,ID,2020-05-10 02:30:56
270,palmer,42.16,-72.33,3.0,47,20,few clouds,7.2,US,2020-05-10 02:30:57
271,zorritos,-3.68,-80.68,25.54000000000002,73,84,broken clouds,4.01,PE,2020-05-10 02:30:57
272,taoudenni,22.68,-3.98,33.26000000000005,11,0,clear sky,5.17,ML,2020-05-10 02:30:57
273,mocuba,-16.84,36.99,17.730000000000018,98,31,scattered clouds,1.9,MZ,2020-05-10 02:30:58
274,nenjiang,49.18,125.22,18.100000000000023,42,97,overcast clouds,3.47,CN,2020-05-10 02:30:58
275,cefalu,38.04,14.02,18.33000000000004,63,100,overcast clouds,2.24,IT,2020-05-10 02:30:59
276,qiyang,26.59,111.85,23.82000000000005,62,79,broken clouds,2.34,CN,2020-05-10 02:30:59
277,kushnarenkovo,55.1,55.35,13.890000000000043,76,40,scattered clouds,3.0,RU,2020-05-10 02:31:00
278,ambilobe,-13.2,49.05,21.450000000000045,87,29,scattered clouds,1.91,MG,2020-05-10 02:31:00
279,nishihara,26.18,127.76,28.0,69,40,scattered clouds,3.6,JP,2020-05-10 02:31:00
280,kavieng,-2.57,150.8,30.360000000000014,71,80,broken clouds,4.74,PG,2020-05-10 02:26:33
281,bairiki,1.33,172.98,31.0,70,20,few clouds,2.1,KI,2020-05-10 02:30:01
282,nemuro,43.32,145.57,11.0,76,100,light intensity shower rain,5.1,JP,2020-05-10 02:31:02
283,terekli-mekteb,44.17,45.87,11.300000000000011,82,100,light rain,3.39,RU,2020-05-10 02:31:02
284,safaga,26.73,33.94,22.0,53,0,clear sky,4.6,EG,2020-05-10 02:31:02
285,bethel,41.37,-73.41,1.1100000000000136,74,1,clear sky,3.6,US,2020-05-10 02:31:03
286,los llanos de aridane,28.66,-17.92,20.0,72,18,few clouds,7.2,ES,2020-05-10 02:31:03
287,jiazi,22.88,116.07,31.200000000000045,65,66,broken clouds,5.32,CN,2020-05-10 02:31:04
288,muscatine,41.47,-91.13,14.0,41,1,clear sky,4.1,US,2020-05-10 02:31:04
289,baduria,22.74,88.79,29.0,100,20,haze,2.1,IN,2020-05-10 02:31:04
290,alofi,-19.06,-169.92,29.0,74,100,overcast clouds,4.6,NU,2020-05-10 02:31:05
291,mayskiy,47.69,40.1,8.0,87,20,few clouds,3.0,RU,2020-05-10 02:31:05
292,rosario do sul,-30.26,-54.91,12.480000000000018,75,0,clear sky,3.1,BR,2020-05-10 02:31:06
293,winnemucca,40.97,-117.74,27.0,6,1,clear sky,3.1,US,2020-05-10 02:31:06
294,terrace,54.52,-128.6,25.0,17,75,broken clouds,3.1,CA,2020-05-10 02:31:07
295,guanay,-15.5,-67.88,18.670000000000016,81,100,overcast clouds,0.44,BO,2020-05-10 02:31:07
296,eureka,40.8,-124.16,14.439999999999998,78,100,overcast clouds,0.45,US,2020-05-10 02:31:08
297,helong,42.54,129.0,19.120000000000005,44,99,overcast clouds,4.13,CN,2020-05-10 02:31:08
298,ilulissat,69.22,-51.1,-1.0,92,100,overcast clouds,1.0,GL,2020-05-10 02:31:08
299,graaff-reinet,-32.25,24.53,16.55000000000001,29,0,clear sky,3.4,ZA,2020-05-10 02:31:09
300,pacifica,37.61,-122.49,15.0,71,40,scattered clouds,8.7,US,2020-05-10 02:27:37
301,cuamba,-14.8,36.54,15.53000000000003,95,18,few clouds,2.26,MZ,2020-05-10 02:31:10
302,carballo,43.21,-8.69,13.330000000000041,86,51,broken clouds,1.58,ES,2020-05-10 02:31:11
303,livingstone,-17.84,25.85,12.660000000000025,70,0,clear sky,2.96,ZM,2020-05-10 02:31:11
304,mumford,5.26,-0.76,26.850000000000023,89,43,scattered clouds,4.32,GH,2020-05-10 02:31:11
305,salsk,46.47,41.54,7.890000000000043,83,3,clear sky,5.12,RU,2020-05-10 02:31:12
306,shymkent,42.3,69.6,19.0,68,40,scattered clouds,4.0,KZ,2020-05-10 02:27:53
307,mingyue,43.11,128.92,19.77000000000004,42,72,broken clouds,4.05,CN,2020-05-10 02:31:12
308,asyut,27.18,31.18,18.0,48,0,clear sky,5.1,EG,2020-05-10 02:27:43
309,castro,-42.47,-73.77,10.0,81,75,broken clouds,3.6,CL,2020-05-10 02:31:13
310,nizhniy tsasuchey,50.52,115.13,11.520000000000039,36,66,broken clouds,8.3,RU,2020-05-10 02:31:14
311,aripuana,-9.17,-60.63,23.29000000000002,89,2,clear sky,0.37,BR,2020-05-10 02:31:14
312,kenai,60.55,-151.26,18.0,36,1,clear sky,7.7,US,2020-05-10 02:31:14
313,port lincoln,-34.73,135.87,16.360000000000014,53,2,clear sky,3.73,AU,2020-05-10 02:31:15
314,bellevue,47.61,-122.2,27.220000000000027,26,1,clear sky,2.1,US,2020-05-10 02:25:40
315,belaya kholunitsa,58.84,50.85,15.340000000000032,66,5,clear sky,2.39,RU,2020-05-10 02:31:54
316,rathenow,52.61,12.34,12.220000000000027,76,5,clear sky,2.5,DE,2020-05-10 02:31:55
317,labuan,5.28,115.24,30.0,84,75,broken clouds,1.0,MY,2020-05-10 02:31:55
318,hami,42.8,93.45,18.840000000000032,23,0,clear sky,1.14,CN,2020-05-10 02:31:56
319,pevek,69.7,170.31,2.980000000000018,75,100,overcast clouds,6.79,RU,2020-05-10 02:27:23
320,spokane,47.62,-117.37,23.0,23,1,clear sky,3.1,US,2020-05-10 02:22:00
321,pimentel,-6.84,-79.93,22.0,73,1,clear sky,7.7,PE,2020-05-10 02:31:57
322,humaita,-7.51,-63.02,23.80000000000001,89,2,clear sky,0.48,BR,2020-05-10 02:31:57
323,cochrane,51.18,-114.47,6.670000000000016,75,90,overcast clouds,3.6,CA,2020-05-10 02:30:38
324,mount gambier,-37.83,140.77,14.0,76,40,scattered clouds,6.2,AU,2020-05-10 02:31:58
325,juegang,32.32,121.19,20.0,77,1,clear sky,0.45,CN,2020-05-10 02:31:59
326,camacha,33.08,-16.33,17.0,88,75,broken clouds,7.2,PT,2020-05-10 02:31:59
327,gao,16.64,1.64,27.620000000000005,13,0,clear sky,1.79,ML,2020-05-10 02:31:59
328,vostok,46.49,135.88,8.100000000000023,89,100,moderate rain,1.81,RU,2020-05-10 02:27:36
329,caucasia,7.99,-75.19,26.32000000000005,93,100,moderate rain,3.0,CO,2020-05-10 02:28:27
330,vardo,70.37,31.11,0.10000000000002274,97,100,light snow,2.81,NO,2020-05-10 02:27:08
331,papetoai,-17.5,-149.87,30.0,66,3,clear sky,2.6,PF,2020-05-10 02:32:01
332,victor harbor,-35.57,138.62,13.890000000000043,84,28,scattered clouds,4.13,AU,2020-05-10 02:32:01
333,brewster,41.4,-73.62,2.2200000000000273,74,1,clear sky,3.6,US,2020-05-10 02:32:02
334,zhenhai,24.26,118.09,32.0,75,100,light rain,3.0,CN,2020-05-10 02:32:02
335,sidhi,24.42,81.88,35.44,14,0,clear sky,1.62,IN,2020-05-10 02:32:02
336,puerto escondido,15.85,-97.07,28.920000000000016,71,0,light rain,2.2,MX,2020-05-10 02:32:03
337,kazanskaya,45.41,40.44,7.220000000000027,87,81,broken clouds,4.97,RU,2020-05-10 02:32:03
338,giddalur,15.35,78.92,31.660000000000025,45,80,broken clouds,1.64,IN,2020-05-10 02:32:04
339,mokhsogollokh,61.47,128.92,5.830000000000041,56,5,clear sky,1.97,RU,2020-05-10 02:32:04
340,aksha,50.28,113.29,11.680000000000007,38,0,clear sky,7.35,RU,2020-05-10 02:32:04
341,norman,35.22,-97.44,17.220000000000027,55,1,clear sky,3.1,US,2020-05-10 02:27:50
342,manokwari,-0.87,134.08,29.77000000000004,72,85,light rain,2.68,ID,2020-05-10 02:32:05
343,takoradi,4.88,-1.76,26.810000000000002,89,98,overcast clouds,3.9,GH,2020-05-10 02:29:56
344,segezha,63.74,34.32,1.400000000000034,89,61,broken clouds,3.51,RU,2020-05-10 02:32:06
345,wodonga,-36.12,146.88,11.0,62,40,scattered clouds,4.1,AU,2020-05-10 02:30:39
346,gizo,-8.1,156.84,28.99000000000001,80,63,moderate rain,5.95,SB,2020-05-10 02:32:07
347,ayan,56.45,138.17,4.770000000000039,66,9,clear sky,4.28,RU,2020-05-10 02:32:08
348,kumphawapi,17.11,103.01,31.0,58,20,few clouds,1.0,TH,2020-05-10 02:32:08
349,kysyl-syr,63.9,122.76,2.1100000000000136,84,0,clear sky,3.53,RU,2020-05-10 02:32:08
350,arlit,18.74,7.39,28.05000000000001,12,0,clear sky,3.28,NE,2020-05-10 02:32:09
351,isangel,-19.55,169.27,29.0,62,75,broken clouds,2.6,VU,2020-05-10 02:27:18
352,chiradzulu,-15.67,35.14,13.510000000000048,100,76,broken clouds,3.26,MW,2020-05-10 02:32:10
353,calabozo,8.92,-67.43,27.700000000000045,61,58,broken clouds,0.73,VE,2020-05-10 02:32:10
354,upernavik,72.79,-56.15,-8.370000000000005,94,100,overcast clouds,5.14,GL,2020-05-10 02:28:09
355,wasilla,61.58,-149.44,22.0,26,1,clear sky,2.1,US,2020-05-10 02:29:49
356,fairbanks,64.84,-147.72,23.0,20,1,clear sky,2.16,US,2020-05-10 02:32:11
357,sinnamary,5.38,-52.95,25.620000000000005,88,61,moderate rain,5.13,GF,2020-05-10 02:32:12
358,altay,47.87,88.12,16.700000000000045,27,0,clear sky,3.18,CN,2020-05-10 02:32:12
359,levashovo,60.1,30.21,5.0,56,57,broken clouds,2.0,RU,2020-05-10 02:32:13
360,mayumba,-3.43,10.66,25.939999999999998,88,92,light rain,1.2,GA,2020-05-10 02:32:13
361,ternate,0.8,127.4,29.810000000000002,70,14,few clouds,3.47,ID,2020-05-10 02:32:13
362,high level,58.52,-117.14,8.0,45,75,broken clouds,1.5,CA,2020-05-10 02:32:14
363,ossora,59.24,163.07,2.2800000000000296,91,100,overcast clouds,4.36,RU,2020-05-10 02:32:14
364,pio xii,-3.83,-45.15,24.340000000000032,90,97,overcast clouds,0.95,BR,2020-05-10 02:32:15
365,urusha,54.05,122.9,10.870000000000005,38,43,scattered clouds,3.17,RU,2020-05-10 02:32:15
366,cockburn town,21.46,-71.14,27.140000000000043,85,0,clear sky,7.52,TC,2020-05-10 02:32:15
367,sabha,27.04,14.43,24.620000000000005,19,0,clear sky,5.14,LY,2020-05-10 02:32:16
368,vestmannaeyjar,63.44,-20.27,2.75,87,79,broken clouds,4.6,IS,2020-05-10 02:27:41
369,ozinki,51.18,49.68,10.550000000000011,76,0,clear sky,6.33,RU,2020-05-10 02:32:17
370,fort dix,40.03,-74.62,6.0,38,1,clear sky,7.7,US,2020-05-10 02:32:56
371,paita,-5.09,-81.11,21.760000000000048,82,0,clear sky,6.32,PE,2020-05-10 02:32:56
372,rancho palos verdes,33.74,-118.39,18.33000000000004,88,1,clear sky,1.34,US,2020-05-10 02:32:57
373,mamakan,57.82,114.0,3.0500000000000114,86,100,snow,2.38,RU,2020-05-10 02:32:57
374,khilok,51.37,110.47,10.129999999999995,47,65,broken clouds,7.13,RU,2020-05-10 02:32:57
375,solnechnyy,50.72,136.63,17.629999999999995,30,27,scattered clouds,3.74,RU,2020-05-10 02:32:58
376,ures,29.43,-110.4,30.0,29,1,clear sky,2.24,MX,2020-05-10 02:32:58
377,singkawang,0.9,109.0,33.410000000000025,54,6,clear sky,0.69,ID,2020-05-10 02:32:58
378,talakan,50.32,130.37,19.560000000000002,36,0,clear sky,2.91,RU,2020-05-10 02:32:59
379,atambua,-9.11,124.89,28.510000000000048,59,11,few clouds,1.27,ID,2020-05-10 02:32:59
380,wanning,18.8,110.4,31.220000000000027,67,2,clear sky,6.06,CN,2020-05-10 02:31:19
381,cartagena del chaira,1.33,-74.84,21.370000000000005,95,100,overcast clouds,0.66,CO,2020-05-10 02:33:00
382,constitucion,23.99,-104.67,18.439999999999998,41,28,scattered clouds,2.61,MX,2020-05-10 02:33:00
383,aleksandrov gay,50.15,48.57,10.230000000000018,79,0,clear sky,5.65,RU,2020-05-10 02:32:07
384,tiarei,-17.53,-149.33,30.0,66,32,scattered clouds,2.6,PF,2020-05-10 02:33:01
385,novyy urengoy,66.08,76.63,1.7200000000000273,84,87,overcast clouds,4.72,RU,2020-05-10 02:33:02
386,concarneau,47.88,-3.92,13.0,100,75,mist,1.5,FR,2020-05-10 02:33:02
387,coquimbo,-29.95,-71.34,11.0,93,0,clear sky,1.5,CL,2020-05-10 02:31:05
388,mulege,26.88,-111.98,26.04000000000002,42,0,clear sky,0.52,MX,2020-05-10 02:33:03
389,lac du bonnet,50.25,-96.06,5.0,43,93,overcast clouds,5.36,CA,2020-05-10 02:33:03
390,healesville,-37.65,145.52,12.78000000000003,63,54,broken clouds,0.45,AU,2020-05-10 02:33:04
391,hollister,36.85,-121.4,18.890000000000043,72,1,clear sky,7.2,US,2020-05-10 02:25:11
392,am timan,11.03,20.28,28.08000000000004,54,34,scattered clouds,1.58,TD,2020-05-10 02:33:05
393,pangnirtung,66.15,-65.71,-5.0,92,100,overcast clouds,4.78,CA,2020-05-10 02:33:05
394,tuatapere,-46.13,167.68,17.03000000000003,64,98,overcast clouds,3.09,NZ,2020-05-10 02:33:06
395,mezen,65.85,44.24,5.150000000000034,86,10,clear sky,3.14,RU,2020-05-10 02:33:06
396,powell river,49.85,-124.54,24.0,29,75,broken clouds,2.6,CA,2020-05-10 02:33:06
397,tautira,-17.73,-149.15,30.0,66,67,broken clouds,2.6,PF,2020-05-10 02:33:07
398,te anau,-45.42,167.72,15.129999999999995,66,96,overcast clouds,3.17,NZ,2020-05-10 02:28:17
399,horizontina,-27.63,-54.31,12.710000000000036,78,0,clear sky,2.1,BR,2020-05-10 02:33:08
400,sakakah,29.97,40.21,17.0,48,0,clear sky,2.1,SA,2020-05-10 02:33:09
401,leh,34.17,77.58,5.830000000000041,58,41,scattered clouds,1.32,IN,2020-05-10 02:33:03
402,bud,62.91,6.91,0.0,89,100,snow,1.5,NO,2020-05-10 02:33:09
403,chandbali,20.78,86.77,33.07000000000005,53,0,clear sky,4.93,IN,2020-05-10 02:33:10
404,longonjo,-12.91,15.25,14.840000000000032,72,83,broken clouds,1.08,AO,2020-05-10 02:33:11
405,truth or consequences,33.13,-107.25,24.0,23,1,clear sky,4.6,US,2020-05-10 02:33:11
406,progreso,21.28,-89.67,25.0,94,90,overcast clouds,7.7,MX,2020-05-10 02:33:11
407,udomlya,57.88,34.99,6.07000000000005,76,100,overcast clouds,2.86,RU,2020-05-10 02:32:06
408,saint-augustin,51.23,-58.65,2.090000000000032,95,100,moderate rain,8.42,CA,2020-05-10 02:29:17
409,kaeo,-35.1,173.78,19.439999999999998,13,63,broken clouds,2.68,NZ,2020-05-10 02:33:13
410,caldwell,43.66,-116.69,25.560000000000002,37,1,clear sky,2.6,US,2020-05-10 02:32:46
411,gorontalo,0.54,123.06,31.930000000000007,59,58,light rain,2.7,ID,2020-05-10 02:33:13
412,kuusamo,65.97,29.18,-6.0,92,0,clear sky,0.5,FI,2020-05-10 02:33:14
413,sambava,-14.27,50.17,24.110000000000014,83,96,light rain,6.03,MG,2020-05-10 02:33:14
414,alihe,50.57,123.72,5.080000000000041,84,100,light rain,3.78,CN,2020-05-10 02:33:14
415,khandyga,62.67,135.6,2.580000000000041,81,98,overcast clouds,2.02,RU,2020-05-10 02:33:15
416,sarangani,5.4,125.46,29.760000000000048,68,100,light rain,0.88,PH,2020-05-10 02:33:15
417,san jeronimo,29.37,-110.79,28.890000000000043,37,0,clear sky,3.58,MX,2020-05-10 02:33:16
418,menongue,-14.66,17.69,16.5,67,100,overcast clouds,1.43,AO,2020-05-10 02:33:16
419,chara,56.91,118.26,2.680000000000007,77,100,overcast clouds,1.3,RU,2020-05-10 02:32:04
420,ketchikan,55.34,-131.65,24.0,23,1,clear sky,2.6,US,2020-05-10 02:33:17
421,ostrovnoy,68.05,39.51,1.2100000000000364,96,100,light rain,3.07,RU,2020-05-10 02:33:17
422,guasdualito,7.24,-70.73,23.720000000000027,90,99,overcast clouds,0.84,VE,2020-05-10 02:33:57
423,les escoumins,48.11,-69.02,-0.48999999999995225,95,100,overcast clouds,7.54,CA,2020-05-10 02:33:57
424,calhoun,42.25,-85.0,8.0,31,90,overcast clouds,1.5,US,2020-05-10 02:32:32
425,hamilton,32.29,-64.78,22.0,78,75,broken clouds,8.2,BM,2020-05-10 02:33:58
426,daru,-9.08,143.21,28.390000000000043,79,59,light rain,7.4,PG,2020-05-10 02:33:58
427,nortelandia,-14.45,-56.8,20.510000000000048,90,0,clear sky,1.06,BR,2020-05-10 02:33:59
428,kirakira,-10.45,161.92,29.720000000000027,69,43,scattered clouds,4.61,SB,2020-05-10 02:33:59
429,medicine hat,50.05,-110.67,11.0,34,40,scattered clouds,6.7,CA,2020-05-10 02:30:51
430,georgiyevskoye,58.73,45.02,9.490000000000009,95,89,overcast clouds,3.94,RU,2020-05-10 02:34:00
431,eyl,7.98,49.82,27.99000000000001,73,91,overcast clouds,0.8,SO,2020-05-10 02:34:00
432,iqaluit,63.75,-68.51,1.0,69,90,light snow,6.2,CA,2020-05-10 02:34:00
433,alappuzha,9.49,76.33,29.129999999999995,83,100,overcast clouds,2.25,IN,2020-05-10 02:34:01
434,tilichiki,60.47,166.1,0.6000000000000227,100,100,overcast clouds,3.01,RU,2020-05-10 02:33:03
435,buta,2.79,24.73,20.410000000000025,98,99,overcast clouds,0.44,CD,2020-05-10 02:34:02
436,el tigre,8.89,-64.25,26.390000000000043,64,60,broken clouds,7.26,VE,2020-05-10 02:34:02
437,nouadhibou,20.93,-17.03,19.260000000000048,80,100,overcast clouds,10.18,MR,2020-05-10 02:34:02
438,skelleftea,64.75,20.95,2.0,92,100,moderate rain,3.6,SE,2020-05-10 02:34:03
439,san ramon,-13.28,-64.72,20.600000000000023,77,48,scattered clouds,0.67,BO,2020-05-10 02:34:03
440,innisfail,-17.53,146.03,25.560000000000002,57,12,light rain,3.13,AU,2020-05-10 02:30:33
441,sorkjosen,69.8,20.93,-3.659999999999968,87,6,clear sky,5.26,NO,2020-05-10 02:34:04
442,manggar,-2.88,108.27,29.939999999999998,69,69,broken clouds,3.35,ID,2020-05-10 02:34:04
443,nanning,22.82,108.32,30.0,74,20,few clouds,2.0,CN,2020-05-10 02:34:04
444,praia da vitoria,38.73,-27.07,18.0,88,75,broken clouds,11.52,PT,2020-05-10 02:34:05
445,umm lajj,25.02,37.27,22.29000000000002,37,100,overcast clouds,4.28,SA,2020-05-10 02:34:05
446,khanewal,30.3,71.93,36.53000000000003,18,24,few clouds,2.86,PK,2020-05-10 02:30:57
447,pascagoula,30.37,-88.56,15.560000000000002,87,1,clear sky,4.49,US,2020-05-10 02:33:01
448,twentynine palms,34.14,-116.05,33.89000000000004,13,1,clear sky,7.2,US,2020-05-10 02:34:06
449,dunmore east,52.15,-6.99,11.670000000000016,87,52,broken clouds,2.24,IE,2020-05-10 02:34:07
450,angoche,-16.23,39.91,22.74000000000001,84,58,broken clouds,4.53,MZ,2020-05-10 02:34:07
451,bima,-8.47,118.72,31.560000000000002,54,38,scattered clouds,1.34,ID,2020-05-10 02:34:08
452,redlands,34.06,-117.18,28.0,34,20,haze,5.1,US,2020-05-10 02:29:53
453,sorong,-0.88,131.25,30.5,72,96,overcast clouds,4.84,ID,2020-05-10 02:34:09
454,vilcun,-38.65,-72.23,12.0,93,75,light intensity shower rain,2.6,CL,2020-05-10 02:34:09
455,shingu,33.73,135.98,20.0,100,75,light intensity shower rain,4.1,JP,2020-05-10 02:31:31
456,vinh,18.67,105.67,33.48000000000002,60,25,scattered clouds,1.41,VN,2020-05-10 02:30:34
457,shache,38.42,77.24,20.189999999999998,45,39,scattered clouds,2.54,CN,2020-05-10 02:34:10
458,lingao,19.91,109.69,33.43000000000001,57,8,clear sky,1.72,CN,2020-05-10 02:34:11
459,skrunda,56.68,22.02,1.0,100,90,fog,0.5,LV,2020-05-10 02:34:11
460,santa cruz,10.26,-85.59,28.470000000000027,71,100,overcast clouds,0.89,CR,2020-05-10 02:34:11
461,natal,-5.79,-35.21,23.0,94,20,few clouds,1.5,BR,2020-05-10 02:34:12
462,djibo,14.1,-1.63,33.460000000000036,30,24,few clouds,3.91,BF,2020-05-10 02:34:13
463,nurota,40.56,65.69,18.0,68,0,clear sky,5.1,UZ,2020-05-10 02:34:13
464,san pedro,-24.23,-64.87,12.0,81,0,clear sky,1.5,AR,2020-05-10 02:34:13
465,okha,53.57,142.95,8.310000000000002,55,2,clear sky,4.89,RU,2020-05-10 02:34:14
466,kendari,-3.94,122.5,31.25,56,26,scattered clouds,0.78,ID,2020-05-10 02:34:14
467,carutapera,-1.2,-46.02,24.470000000000027,93,100,moderate rain,1.81,BR,2020-05-10 02:34:14
468,vilyuysk,63.76,121.62,5.939999999999998,59,0,clear sky,4.07,RU,2020-05-10 02:34:15
469,sao joao da barra,-21.64,-41.05,20.439999999999998,65,0,clear sky,2.65,BR,2020-05-10 02:34:15
470,chifeng,42.27,118.96,17.950000000000045,27,0,clear sky,14.82,CN,2020-05-10 02:34:15
471,dawson creek,55.77,-120.24,11.0,34,1,clear sky,6.7,CA,2020-05-10 02:30:33
472,sungaipenuh,-2.08,101.38,26.670000000000016,64,59,broken clouds,1.3,ID,2020-05-10 02:34:16
473,gazanjyk,39.24,55.52,23.890000000000043,35,32,scattered clouds,8.23,TM,2020-05-10 02:34:17
474,uruzgan,32.83,66.0,20.660000000000025,22,0,clear sky,1.54,AF,2020-05-10 02:34:17
475,san juan,-31.54,-68.54,17.0,40,0,clear sky,0.92,AR,2020-05-10 02:34:17
476,plouzane,48.38,-4.62,12.0,100,98,mist,2.1,FR,2020-05-10 02:34:18
477,crystal beach,42.87,-79.06,5.0,67,89,overcast clouds,0.45,CA,2020-05-10 02:34:18
478,yilan,46.32,129.57,20.170000000000016,46,6,light rain,0.76,CN,2020-05-10 02:34:18
479,grindavik,63.84,-22.43,3.0,59,1,clear sky,0.5,IS,2020-05-10 02:34:58
480,razole,16.48,81.83,32.450000000000045,61,5,clear sky,2.97,IN,2020-05-10 02:34:58
481,haputale,6.77,80.96,21.58000000000004,83,33,scattered clouds,1.36,LK,2020-05-10 02:34:59
482,zarate,-34.1,-59.03,13.890000000000043,69,0,clear sky,0.89,AR,2020-05-10 02:34:59
483,jinchang,38.5,102.17,14.189999999999998,33,37,scattered clouds,9.51,CN,2020-05-10 02:34:59
484,turukhansk,65.82,87.98,2.2600000000000477,81,82,broken clouds,2.85,RU,2020-05-10 02:35:00
485,vanimo,-2.67,141.3,30.52000000000004,68,69,broken clouds,3.64,PG,2020-05-10 02:35:00
486,amalapuram,16.58,82.02,32.76000000000005,58,3,clear sky,2.54,IN,2020-05-10 02:35:01
487,dourbali,11.81,15.86,30.910000000000025,15,2,clear sky,2.77,TD,2020-05-10 02:35:01
488,sao miguel do araguaia,-13.28,-50.16,21.5,94,87,overcast clouds,1.89,BR,2020-05-10 02:32:00
489,gushikawa,26.35,127.87,28.0,74,1,clear sky,4.6,JP,2020-05-10 02:35:02
490,miri,4.41,114.01,32.0,79,75,broken clouds,2.6,MY,2020-05-10 02:32:06
491,bonfim,3.08,-59.95,26.32000000000005,73,7,clear sky,2.31,BR,2020-05-10 02:35:03
492,amuntai,-2.42,115.25,30.140000000000043,62,99,overcast clouds,1.03,ID,2020-05-10 02:35:03
493,ohara,35.25,140.38,20.560000000000002,88,75,light intensity shower rain,5.7,JP,2020-05-10 02:35:03
494,puerto baquerizo moreno,-0.9,-89.6,24.660000000000025,90,0,clear sky,2.99,EC,2020-05-10 02:30:09
495,san jose,16.98,-89.9,23.510000000000048,92,100,moderate rain,2.01,GT,2020-05-10 02:35:04
496,taltal,-25.4,-70.48,15.600000000000023,74,98,overcast clouds,1.75,CL,2020-05-10 02:35:05
497,pemangkat,1.17,108.97,30.52000000000004,64,5,clear sky,0.73,ID,2020-05-10 02:35:06
498,klamath falls,42.22,-121.78,26.0,21,1,clear sky,4.1,US,2020-05-10 02:30:08
499,chazuta,-6.57,-76.14,21.600000000000023,81,55,broken clouds,0.42,PE,2020-05-10 02:35:06
500,noumea,-22.28,166.46,26.110000000000014,54,20,few clouds,3.6,NC,2020-05-10 02:35:07
501,elkhart,41.58,-85.83,7.0,45,20,few clouds,2.1,US,2020-05-10 02:25:31
502,sechura,-5.56,-80.82,22.58000000000004,76,0,clear sky,6.75,PE,2020-05-10 02:35:08
503,yurga,55.72,84.89,20.430000000000007,51,34,scattered clouds,1.5,RU,2020-05-10 02:33:03
504,smithers,54.78,-127.17,21.0,19,20,few clouds,5.1,CA,2020-05-10 02:35:08
505,aquidauana,-20.47,-55.79,17.980000000000018,63,0,clear sky,2.01,BR,2020-05-10 02:35:09
506,diapaga,12.07,1.79,30.57000000000005,52,40,scattered clouds,3.18,BF,2020-05-10 02:35:09
507,tambilil,5.96,124.67,30.0,74,90,overcast clouds,2.1,PH,2020-05-10 02:35:09
508,haines junction,60.75,-137.51,18.600000000000023,33,97,overcast clouds,1.53,CA,2020-05-10 02:34:25
509,irtyshskiy,58.33,68.13,19.620000000000005,38,13,few clouds,4.18,RU,2020-05-10 02:35:10
510,fecamp,49.76,0.37,15.560000000000002,93,90,overcast clouds,1.0,FR,2020-05-10 02:35:10
511,havoysund,71.0,24.66,0.0,84,0,clear sky,6.7,NO,2020-05-10 02:35:11
512,shimoda,34.67,138.95,21.0,94,75,light intensity shower rain,11.3,JP,2020-05-10 02:35:11
513,uribia,11.71,-72.27,27.230000000000018,70,40,scattered clouds,5.7,CO,2020-05-10 02:35:12
514,trincomalee,8.57,81.23,28.920000000000016,79,85,overcast clouds,1.18,LK,2020-05-10 02:35:12
515,belyy yar,53.6,91.39,13.0,43,0,clear sky,1.81,RU,2020-05-10 02:35:12
516,muskogee,35.58,-95.33,16.0,59,1,clear sky,1.14,US,2020-05-10 02:33:31
517,thouars,46.98,-0.22,16.670000000000016,54,100,moderate rain,2.47,FR,2020-05-10 02:35:13
518,port-gentil,-0.72,8.78,27.890000000000043,80,92,overcast clouds,3.47,GA,2020-05-10 02:35:13
519,sibolga,1.74,98.78,30.510000000000048,62,98,overcast clouds,0.8,ID,2020-05-10 02:35:14
520,hirara,24.8,125.28,29.0,78,75,broken clouds,5.1,JP,2020-05-10 02:35:14
521,santa helena de goias,-17.81,-50.6,17.110000000000014,90,0,clear sky,1.24,BR,2020-05-10 02:35:14
522,tabatinga,-4.25,-69.94,25.0,100,75,broken clouds,1.5,BR,2020-05-10 02:35:15
523,karratha,-20.74,116.85,30.49000000000001,19,100,overcast clouds,10.24,AU,2020-05-10 02:35:16
524,lahad datu,5.03,118.33,33.01000000000005,57,84,broken clouds,0.67,MY,2020-05-10 02:35:16
525,beni,0.5,29.47,18.340000000000032,100,100,moderate rain,1.09,CD,2020-05-10 02:35:16
526,kamenka,51.32,42.77,7.220000000000027,94,0,clear sky,2.24,RU,2020-05-10 02:35:17
527,denpasar,-8.65,115.22,29.0,89,40,scattered clouds,4.6,ID,2020-05-10 02:34:31
528,micheweni,-4.97,39.83,25.970000000000027,83,99,light rain,7.98,TZ,2020-05-10 02:35:17
529,berlevag,70.86,29.09,-1.0699999999999932,92,80,broken clouds,3.91,NO,2020-05-10 02:35:18
530,west odessa,31.84,-102.5,24.0,27,1,clear sky,4.1,US,2020-05-10 02:35:18
531,kemijarvi,66.71,27.43,-1.3899999999999864,95,30,scattered clouds,1.45,FI,2020-05-10 02:35:18
532,chimbote,-9.09,-78.58,19.879999999999995,86,77,broken clouds,3.82,PE,2020-05-10 02:33:50
533,bartlesville,36.75,-95.98,12.78000000000003,76,1,clear sky,0.79,US,2020-05-10 02:32:49
534,tougan,13.07,-3.07,32.78000000000003,34,45,scattered clouds,5.78,BF,2020-05-10 02:35:59
